Section,SKU,Product Title,OurShopee Price,Noon Price,Amazon Price,Best Competitor Price,Price Difference,OurShopee Link,Noon Link,Amazon Link
Kitchen & Dining,PQ4072,Corningware French White Round Set With Glass LID Covers Plastic 11 Pcs - 4116481,254.63,733.37,261.9,254.63,0.00,https://ourshopee.com/uae-en/corningware-french-white-round-set-with-glass-lid-covers-pla/PQ4072/p/?vendor_id=0&utm_id=8c1d16b0-7477-4bbd-a811-ddacdfe37622&utm_campaign=copy_link,https://www.noon.com/uae-en/corningware-french-white-11pc-round-set-with-glass-lid-plastic-covers-1116557/ZF04D63301114B1565AF8Z/p/?o=f896d79a73be8c4a,https://amzn.eu/d/0beSH6SO
Kitchen & Dining,PQ4045,Corelle Leaf Stitch Dinnerware Set Red Glass Service For 4 - 4116613,315.00,302,324,302.00,13.00,https://ourshopee.com/uae-en/corelle-leaf-stitch-dinnerware-set-red-glass-service-for-4-4/PQ4045/p/?vendor_id=0&utm_id=ae512eb8-6c0f-402e-952b-b6ef1ac87637&utm_campaign=copy_link,https://www.noon.com/uae-en/corelle-white-vitrelle-12-piece-dinnerware-set-glass-triple-layer-chip-crack-resistant-dishwasher-microwave-safe-service-for-4-includes-4-dinner-plates-26-cm-4-side-plates-21-6-cm-4-soup-cereal-bowls-12-pc-set/Z35F2C24FCBBFC930A578Z/p/?nav_ctx=eyJucCI6dHJ1ZX0.DEFH5ThctUzt1U9Hi_inig&o=z35f2c24fcbbfc930a578z-1,
Kitchen & Dining,PQ4053,"Corelle Ocean Blues , Chip And Break Resistant Dinnerware Set, Service For 4, Dinner Plates And Dinner Bowls, White Glass 16 Pcs - 4119992",341.25,341,351,341.00,0.25,https://ourshopee.com/uae-en/corelle-ocean-blues-chip-and-break-resistant-dinnerware-set-/PQ4053/p/?vendor_id=0&utm_id=5223ea11-0909-4d4c-9405-57b1eebfb89d&utm_campaign=copy_link,https://www.noon.com/uae-en/corelle-ocean-blues-16-piece-dinnerware-set-vitrelle-glass-chip-break-resistant-lightweight-stackable-dishwasher-microwave-safe-service-for-4-includes-4-x-dinner-plates-4-x-bread-butter-plates-4-x-10-oz-soup-bowls-4-x-18-oz-cereal-bowls/ZBB7568863FC09030316AZ/p/?o=fc60380f6577bdfb,https://amzn.eu/d/0g22eUE2
Kitchen & Dining,PQ4055,"Corelle 2724574014864 Vitrelle Crimson Trellis Dinnerware Set, White And Red Glass 18 Pack - 4116488",374.06,278.25,278.25,278.25,95.81,https://ourshopee.com/uae-en/corelle-2724574014864-vitrelle-crimson-trellis-dinnerware-se/PQ4055/p/?vendor_id=0&utm_id=a1443848-41c0-4c85-a5fa-6ab9a589da48&utm_campaign=copy_link,https://www.noon.com/uae-en/corelle-crimson-trellis-18-piece-dinnerware-set-vitrelle-glass-triple-layer-chip-crack-resistant-dishwasher-microwave-oven-safe-service-for-6-includes-6-dinner-plates-6-luncheon-plates-6-soup-cereal-bowls/Z5FCB27C2253732894EE2Z/p/?o=z5fcb27c2253732894ee2z-1,https://amzn.eu/d/048tdSHW
Kitchen & Dining,PQ4166,"Visions Cookware Brown, Set Glass 6 Pack - 4118365",610.31,569.5,539.03,539.03,71.28,https://ourshopee.com/uae-en/visions-cookware-brown-set-glass-6-pack-4118365/PQ4166/p/?vendor_id=0&utm_id=c4c42ca2-9ef7-4ffe-bb73-0efe84dad29c&utm_campaign=copy_link,noon.com/uae-en/visions-6-piece-amber-saucepan-set/Z3DD80C8AB692C68AAD78Z/p/?o=b55d91ef4a15404a,https://amzn.eu/d/0hvML6K3
Kitchen & Dining,PQ4477,"Queen S By Churchill Spring Flourish Dinner Plate , Set Of 6, Made In England 26cm - 4117104",149.63,106.4,106.4,106.40,43.23,https://ourshopee.com/uae-en/queen-s-by-churchill-spring-flourish-dinner-plate-set-of-6-m/PQ4477/p/?vendor_id=0&utm_id=67670dfc-deae-455e-8a5b-2e5d98f50194&utm_campaign=copy_link,https://www.noon.com/uae-en/queen-s-by-churchill-spring-flourish-dinner-plate-26cm-set-of-6-made-in-england-multi-colour/Z8F465966A0E0BAF43C51Z/p/?o=z8f465966a0e0baf43c51z-1,https://amzn.eu/d/01Ii2ZOj
Kitchen & Dining,PQ4098,Nordic Stream Spray Mop Kit - Pocket Version Stainless Steel - 3028016,116.81,25.8,36.45,25.80,91.01,https://ourshopee.com/uae-en/nordic-stream-spray-mop-kit-pocket-version-stainless-steel-3/PQ4098/p/?vendor_id=0&utm_id=0ce5cd1b-ba2d-410d-a1a9-cd8df20ed442&utm_campaign=copy_link,https://www.noon.com/uae-en/nordic-stream-easy-squeezer-frame-and-mop-kit/ZE0C7BC85C95D5C529700Z/p/?o=ze0c7bc85c95d5c529700z-1,https://ourshopee.com/uae-en/nordic-stream-spray-mop-kit-pocket-version-stainless-steel-3/PQ4098/p/?vendor_id=0&utm_id=f198b008-fde6-457a-9d08-86e31f29e44b&utm_campaign=copy_link
Kitchen & Dining,PQ4112,Nordic Stream Easy Squeezer 5 In 1 Mop Kit Stainless Steel - 3028032,140.44,114.45,144.45,114.45,25.99,https://ourshopee.com/uae-en/nordic-stream-easy-squeezer-5-in-1-mop-kit-stainless-steel-3/PQ4112/p/?vendor_id=0&utm_id=461858bd-18bb-42ea-a30c-e45f1662cdff&utm_campaign=copy_link,http://noon.com/uae-en/nordic-stream-easy-squeezer-5-in-1-mop-kit/Z3AAEEEB4A9A1061A45E6Z/p/?o=z3aaeeeb4a9a1061a45e6z-1,https://www.amazon.ae/Nordic-Stream-Easy-Squeezer-Mop/dp/B0DBVDN52T/ref=sr_1_1?crid=2A2WGNU6YCOZ5&dib=eyJ2IjoiMSJ9.4X5Aqnqc2HcP1M7paSExTm699Ihmk6LTGof-5jORbnrMTXFyTsE6U9T1Pq_0CQ2DWsLZKCQkdpZ0QgtHer2q8NyEwzpHqQB13yoT604b1LproJ5qs7fqW4TWQr32fRW7g8ovbgi33eXusBZ-QqDsc1BdqN4I9d_ax381n_EBHTZEFTy6EXWsel4wT-Z6WORBxcaDsjO7YkL4jZKLNFZAGoZCf9wXxmXIklOard2bruGOnK-naqCs-YXg6JeGJYH0WggfF2vczgvN1-oFm-5kJI9chzDNM08hRXVrkjTjwfc.v1QM2ll-5bdI6uIYyiM4TDRF3knXVLqfqrJnFdb7JXo&dib_tag=se&keywords=Nordic+Stream+Easy+Squeezer+5+In+1+Mop+Kit+Stainless+Steel&qid=1790689807&sprefix=nordic+stream+easy+squeezer+5+in+1+mop+kit+stainless+steel%2Caps%2C229&sr=8-1
Kitchen & Dining,PQ4129,"Tiger Handy Vacuum Jug, Pwo Stainless Steel 1.6L - 3016863",236.25,236.25,243,236.25,0.00,https://ourshopee.com/uae-en/tiger-handy-vacuum-jug-pwo-stainless-steel-16l-3016863/PQ4129/p/?vendor_id=0&utm_id=8cf82684-8cbf-457a-8a6e-d1393e45bd97&utm_campaign=copy_link,https://www.noon.com/uae-en/tiger-stainless-steel-handy-vacuum-jug-1-6l/Z61F89093FEB55A779A9CZ/p/?o=a46427c554191b4a,https://amzn.eu/d/0cDDdNCK
Kitchen & Dining,PQ4183,Xtra Air Pump Flask Stainless Steel - 3018079,144.38,144.5,119.84,119.84,24.54,https://ourshopee.com/uae-en/xtra-air-pump-flask-stainless-steel-3018079/PQ4183/p/?vendor_id=0&utm_id=005d044a-5d41-4adc-b443-44c78142e2b6&utm_campaign=copy_link,https://www.noon.com/uae-en/xtra-air-pump-flask-d-3001-3l-insulated-thermos/ZFD85D508DABAF4FB28C6Z/p/?o=b09ba1e332371f5d,https://amzn.eu/d/0bKRMMoT
Kitchen & Dining,PQ4216,Helios Flask Matt Palm Stainless Steel 1.0L - 3015682,144.38,144.5,148.5,144.38,0.00,https://ourshopee.com/uae-en/helios-flask-matt-palm-stainless-steel-10l-3015682/PQ4216/p/?vendor_id=0&utm_id=12ce1771-4d28-4302-805a-bff68b5e6f77&utm_campaign=copy_link,https://www.noon.com/uae-en/helios-1-0-l-stainless-steel-vacuum-flask-with-palm-design/Z411FD8460999C2E9FA3DZ/p/?o=dece4c66ebb9290e,https://amzn.eu/d/08JtgMdR
Kitchen & Dining,PQ4322,Milton Royal Hot Pot Set - 2.5 Litre 3.5Ltr Stainless Steel 3 Pcs 1.5L - 3015743,112.88,108.95,108.95,108.95,3.93,https://ourshopee.com/uae-en/milton-royal-hot-pot-set-25-litre-35ltr-stainless-steel-3-pc/PQ4322/p/?vendor_id=0&utm_id=0a64a0a0-f822-4cf6-80a8-f717a0b8713c&utm_campaign=copy_link,https://www.noon.com/uae-en/milton-inner-stainless-steel-casserole-hot-pot-set-of-3-850ml-1-35-litre-and-1-85-litre-serving-bowls-with-lids-for-hot-food-pu-insulated-design-keeps-food-warm-for-hours-venice-regular-grey-grey/N70152144V/p/?o=d1d59cd0610a65cb,https://amzn.eu/d/09ejDlDP