Section,SKU,Product Title,OurShopee Price,Noon Price,Amazon Price,Best Competitor Price,Price Difference,OurShopee Link,Noon Link,Amazon Link,Result
Kitchen & Dining,PQ4072,Corningware French White Round Set With Glass LID Covers Plastic 11 Pcs - 4116481,254.63,,,,,,,,
Kitchen & Dining,PQ4045,Corelle Leaf Stitch Dinnerware Set Red Glass Service For 4 - 4116613,315.00,,,,,,,,
Kitchen & Dining,PQ4053,"Corelle Ocean Blues , Chip And Break Resistant Dinnerware Set, Service For 4, Dinner Plates And Dinner Bowls, White Glass 16 Pcs - 4119992",341.25,,,,,,,,
Kitchen & Dining,PQ4055,"Corelle 2724574014864 Vitrelle Crimson Trellis Dinnerware Set, White And Red Glass 18 Pack - 4116488",374.06,,,,,,,,
Kitchen & Dining,PQ4166,"Visions Cookware Brown, Set Glass 6 Pack - 4118365",610.31,,,,,,,,
Kitchen & Dining,PQ4477,"Queen S By Churchill Spring Flourish Dinner Plate , Set Of 6, Made In England 26cm - 4117104",149.63,,,,,,,,
Kitchen & Dining,PQ4098,Nordic Stream Spray Mop Kit - Pocket Version Stainless Steel - 3028016,116.81,,,,,,,,
Kitchen & Dining,PQ4112,Nordic Stream Easy Squeezer 5 In 1 Mop Kit Stainless Steel - 3028032,140.44,,,,,,,,
Kitchen & Dining,PQ4129,"Tiger Handy Vacuum Jug, Pwo Stainless Steel 1.6L - 3016863",236.25,,,,,,,,
Kitchen & Dining,PQ4183,Xtra Air Pump Flask Stainless Steel - 3018079,144.38,,,,,,,,
Kitchen & Dining,PQ4216,Helios Flask Matt Palm Stainless Steel 1.0L - 3015682,144.38,,,,,,,,
Kitchen & Dining,PQ4322,Milton Royal Hot Pot Set - 2.5 Litre 3.5Ltr Stainless Steel 3 Pcs 1.5L - 3015743,112.88,,,,,,,,
Kitchen & Dining,PQ4373,"Milton Pro Cook Triply Hexa Tech Induction Kadhai With Glass LID, Silver, 3 Layer Kadhai For Cooking, Induction Bottom Stainless Steel 24cm - 3015842",156.19,,,,,,,,
Kitchen & Dining,PQ4403,"Tatay Underbed Organizing Tray, Red Polypropylene 32L - 3019221",114.19,,,,,,,,
Kitchen & Dining,PQ4604,"Bella Cucina Triply Stainless Steel 8-Piece Cookware Set with Lids, Induction Compatible - BC-2169",249.00,,,,,,,,
Kitchen & Dining,PQ2750,"OMS 9-Piece Granitec Non-Stick Cookware Set with Casseroles and Frypan, PFOA & PTFE-Free, Brown - 3002 Brown",399.00,,,,,,,,
Kitchen & Dining,PQ2751,"OZO 36-Piece Premium Turkish Porcelain Dinner Set for 6 Persons with Tea Glasses & Saucers, 1201",199.00,,,,,,,,
Kitchen & Dining,PQ2752,"OMS 9-Piece Granitec Non-Stick Cookware Set with 4 Casseroles & Frying Pan, Black, Made in Turkey - 3102 Black",319.00,,,,,,,,
Kitchen & Dining,PQ2753,"OMS 1045 6-Piece Stainless Steel Cookware Set with 3 Cooking Pots & Lids, 24cm, 26cm & 30cm, Silver - 1045",249.00,,,,,,,,
Kitchen & Dining,PQ2754,"OMS 10-Piece Premium Stainless Steel Cookware Set with Heat-Resistant Silicone Handles, Silver - 1057",375.00,,,,,,,,
Kitchen & Dining,PQ2756,"OZO 1144 9-Piece Stainless Steel Cookware Set, Durable Induction Compatible Pots & Pans with Tempered Glass Lids, Silver",299.00,,,,,,,,
Health & Beauty,PP5241,Cetaphil Moisturizing Cream for Face & Body 550g - Hydrating Moisturizer for Dry to Very Dry Sensitive Skin with Vitamin B3 & B5,89.00,,,,,,,,
Health & Beauty,PP2661,CeraVe Moisturizing Cream for Dry to Very Dry Skin with Hyaluronic Acid 454g - Face & Body Moisturizer with Ceramides,71.00,,,,,,,,
Health & Beauty,PO6234,"Medicube Azelaic Acid 16% BB Calming Serum 30ml, Pore Cleansing, Sebum Regulation & Soothing for Blemish-Prone Skin",49.00,,,,,,,,
Health & Beauty,PO5929,"COSRX The 6 Peptide Skin Booster Serum 150ml, Multi-Peptide Complex for Pores, Firmness, Fine Lines & Brightening",51.00,,,,,,,,
Health & Beauty,PP5395,"Avene Cleanance Cleansing Gel 400ml - Soap Free Gel Cleanser for Face and Body, Oily Blemish Prone Skin, Soothing",50.00,,,,,,,,
Health & Beauty,PP2852,"Bioderma Photoderm SPOT-AGE SPF50+, Anti-Dark Spot & Anti-Photoaging Facial Sunscreen with Antioxidant Protection, 40ml",61.00,,,,,,,,
Health & Beauty,PP2689,"La Roche-Posay Vitamin C12 Anti-Aging Face Serum, 12% Pure Vitamin C, Hyaluronic Acid & Salicylic Acid, Wrinkle Reduction & Radiance Boost, 30ml",51.00,,,,,,,,
Health & Beauty,PO2907,"ACM Novophane Anti Hair Loss Lotion 100ml for Men and Women - Strengthens Scalp, Reduces Hair Fall, Stimulates Regrowth, Non Greasy",59.00,,,,,,,,
Health & Beauty,PP2660,CeraVe Moisturizing Cream for Dry to Very Dry Skin with Hyaluronic Acid 340g - Face & Body Moisturizer with Ceramides,55.00,,,,,,,,
Health & Beauty,PP2660,CeraVe Moisturizing Cream for Dry to Very Dry Skin with Hyaluronic Acid 340g - Face & Body Moisturizer with Ceramides,55.00,,,,,,,,
Health & Beauty,PO2941,Dr. Althea 147 Barrier Cream 50ml Skin Protection Moisturizer,49.00,,,,,,,,
Health & Beauty,PO2935,COSRX Advanced Snail 92 All In One Cream 100g Hydrating Elasticity Moisturizer,39.00,,,,,,,,
Health & Beauty,PO2942,Dr.Althea 345 Relief Cream Daily Face Moisturizer 1.7oz (50ml) Vegan Hydrating Gel Cream,36.00,,,,,,,,
Health & Beauty,PP2804,"Medicube Exosome Cica Tea Tree Cream for Sensitive Skin, Soothing Moisturizing Korean Face Cream with Centella Asiatica, 50ml",45.00,,,,,,,,
Health & Beauty,PP5392,"Embryolisse Lait Creme Concentrate 24 Hour Miracle Cream 30ml - Multi Purpose Moisturizer, Primer, Makeup Remover for All Skin Types",31.00,,,,,,,,
Health & Beauty,PP3000,CeraVe Itch Relief Moisturizing Cream 340g with 1% Pramoxine Hydrochloride - Steroid Free Anti Itch Cream with Ceramides & Hyaluronic Acid for Minor Skin Irritations,39.00,,,,,,,,
Health & Beauty,PN9462,Flormar - Light Weight Lip Powder LipStick 009 Fall Rose - FLRLWLPS09,45.00,,,,,,,,
Health & Beauty,PO1536,Note - Perfecting Pen 02 - Warm Rose - NTE0030287,49.00,,,,,,,,
Health & Beauty,PO2098,"Bellaoggi Gloss Affair Lipgloss, High-Shine Hydrating Lip Gloss - 000 Glass - BEL0099093",42.00,,,,,,,,
Health & Beauty,PN6391,"Note Mattever Lipstick - 10 Shocking Fuchsia - NTE0052571 - Velvet Matte Finish, Long-Lasting, Highly Pigmented Color",45.00,,,,,,,,
Health & Beauty,PN9699,Note New Era Skin Protecting Foundation 190 - NTE0098034,85.00,,,,,,,,
Health & Beauty,PO1276,Flormar - Powder Brush Re - design - FLR000PBRD,65.00,,,,,,,,
Health & Beauty,PN8629,"Flormar All I Need Face Palette - 4-in-1 Contour, Blush, Powder & Highlighter Palette for Sculpted, Radiant Look - FLR00AINFP",82.00,,,,,,,,
Health & Beauty,PN8859,Flormar - NP Baked Blush On - 057 Coral - FLR00BBL57,57.00,,,,,,,,
Health & Beauty,PP2695,"CeraVe PM Facial Moisturizing Lotion, Night Face Moisturizer with Ceramides, Hyaluronic Acid & Niacinamide, Oil-Free Hydration for All Skin Types, 89ml",79.00,,,,,,,,
Health & Beauty,PP6092,"Dove Refreshing Body Wash, Cucumber & Green Tea, Triple Hydration Serum, 1000ml - B05359",27.30,,,,,,,,
Health & Beauty,PO2953,Eucerin Advanced Repair Cream 454g Intensive Moisturizing Lotion - Ceramide & NMF for Very Dry Skin Hydration,71.00,,,,,,,,
Health & Beauty,PP2742,ACM Sebionex Purifying Cleansing Bar 100g for Oily & Acne-Prone Skin - Sebum Control Face Cleanser,33.00,,,,,,,,
Health & Beauty,PP3160,PanOxyl Acne Treatment Bar 10% Benzoyl Peroxide 113g (4 oz) for Face & Body - Maximum Strength Acne Cleansing Bar,31.00,,,,,,,,
Health & Beauty,PP2647,"Vaseline Healthy Bright Gluta-Hya Serum Burst Lotion Pro-Age Restore, Anti-Aging Firming Body Lotion for Brighter Even-Toned Skin, 300ml",42.00,,,,,,,,
Health & Beauty,PO3009,PanOxyl Acne Foaming Wash 10% Benzoyl Peroxide,31.00,,,,,,,,
Health & Beauty,PO3982,"Sol de Janeiro Jet Set Brazilian Bum Bum Cream - Firming and Smoothing Body Cream with Guaraná and Cupuaçu - Cream, Perfume Mist, and Body Wash Trio",139.00,,,,,,,,
Health & Beauty,OW1980,Oral-B D601.525.3 Oral-B Dental Care,317.00,,,,,,,,
Health & Beauty,PB3238,Oral-B iOM9.2B2.2AD Electric Rechargeable Toothbrush,"1,592.00",,,,,,,,
Health & Beauty,PB3247,Oral-B iOM7.2A1.1B Electric Rechargeable Toothbrush,955.00,,,,,,,,
Health & Beauty,PP2740,Marvis Whitening Mint Toothpaste with Xylitol 85ml- 4.4oz - Whitening Luxury Mint Oral Care,34.00,,,,,,,,
Health & Beauty,PG1207,Oral B Gentle Care iO replacement Refill Brush Heads White,106.00,,,,,,,,
Health & Beauty,PI7829,"Oral B  IOM10.2B4.2AD IO Series 10 ToothBrush Cosmic Black IO Technology, AI with 3D teeth tracking, 7 Smart Modes Interactive Display Magnetic Charging  IOM10.2B4.2AD","1,910.00",,,,,,,,
Health & Beauty,PP2703,"Marvis Cinnamon Mint Toothpaste, Premium Fluoride Oral Care, Fresh Breath, Plaque & Tartar Protection, Luxury Cinnamon Mint Flavor, 85ml",34.00,,,,,,,,
Health & Beauty,PG1195,D100 Oral B Vitality Rechargeable Kids Toothbrush Frozen,190.00,,,,,,,,
Health & Beauty,PP2963,Beauty of Joseon Complete Glow & Protect Bundle - Relief Sun Aqua-Fresh Sunscreen SPF50 50ml + Glow Serum Propolis Niacinamide 30ml + Dynasty Cream Rice Ginseng 50ml,110.00,,,,,,,,
Health & Beauty,PO7060,"Celimax Retinal Shot Anti-Aging Skincare Bundle - 15ml Booster & 30ml Serum for Wrinkles, Firmness & Youthful Skin",91.00,,,,,,,,
Health & Beauty,PP2834,"Eqqualberry Complete Vitamin Illuminating Skincare Bundle - Cream 50ml, Toner 150ml, Serum 30ml for Dark Spots, Uneven Skin Tone & Brightening",147.00,,,,,,,,
Health & Beauty,PP2965,COSRX Complete Glow & Exfoliate Bundle - Advanced Snail 92 All In One Cream 100g + AHA BHA Clarifying Treatment Toner 150ml + The Vitamin C 23 Serum 20g,107.00,,,,,,,,
Health & Beauty,PP2830,Medicube Complete K-Beauty Skincare Bundle - Moisturizing Cream + PDRN Pink Cica Toner + PDRN Pink Collagen Gel Mask (4pcs) + Collagen Glow Booster Milk Serum (15ml) + Salmon DNA PDRN Pink Peptide Eye Serum (30ml),227.00,,,,,,,,
Health & Beauty,PO7059,"Medicube AGE-R Glutathione Glow Skincare Bundle - Capsule Cream 50ml Glow Serum 30g for Brightening, Anti-Aging & Even Skin Tone",119.00,,,,,,,,
Health & Beauty,PP1438,"SKIN1004 Madagascar Centella Travel Kit Mini Skincare Set with Toner, Ampoule, Cream & Cleansers for Soothing & Hydration",71.00,,,,,,,,
Health & Beauty,PP2964,Beauty of Joseon Eye & Sun Care Bundle - Revive Eye Serum with Ginseng Retinal 30ml + Matte Sun Stick Mugwort Camelia SPF50 18g,69.00,,,,,,,,
Health & Beauty,PJ8224,"Braun Beard Trimmer 7 BT7350, Beard Trimmer For Men",349.00,,,,,,,,
Health & Beauty,PO3288,Philips Beard Trimmer 3000 - BT3617-15,119.00,,,,,,,,
Health & Beauty,PJ8237,Braun Series XT5 Beard Trimmer XT5300,299.00,,,,,,,,
Health & Beauty,PK1407,"Philips All-in-One Trimmer Series 7000 MG7920/15 – 13-in-1 Cordless Grooming Kit for Face, Hair and Body, Showerproof",249.00,,,,,,,,
Health & Beauty,OF2259,Olsenmark 5 In1 Rechargeable Epilator Set - OMLS4033,115.00,,,,,,,,
Health & Beauty,OZ6960,Braun FS 1000 Face Mini Hair Remover White,106.00,,,,,,,,
Health & Beauty,OZ8076,Olsenmark OMTR4087 Recharchable 9n1 Grooming Kit Black with Steel,69.00,,,,,,,,
Health & Beauty,PO9046,#N/A,#N/A,,,,,,,,
Health & Beauty,PN8007,"Rotai A70 Max Massage Chair - Full-Body 4D Dual-Core Shiatsu, Bi-Stretch Leg Therapy, 19 Massage Techniques, Body Scan & Personalized Wellness - Orange - A70 MAX ORANGE","24,000.00",,,,,,,,
Health & Beauty,PO3057,"Rotai Hoyogen Regainer Chair Ergonomic Massage Recliner - 2D Massage, 4 Auto Programs, 3 Manual Techniques, Oak Wood Panels - RIAGE-J1","6,666.00",,,,,,,,
Health & Beauty,PO3023,Rotai K28 Portable Massage Neck Pillow Relaxing Neck Support Cushion Lightweight Travel Massager K28,300.00,,,,,,,,
Health & Beauty,PO3039,Rotai Scalp Waterproof Massager Gentle Head and Scalp Relaxation Brush Q20,420.00,,,,,,,,
Health & Beauty,PO4855,"RENPHO Heated Back Massager Pillow, Shiatsu Deep Kneading Massage Cushion for Neck Shoulder Lower Back Pain Relief, Electric Body Massager for Home Office - RF-NM067-BK",169.00,,,,,,,,
Health & Beauty,PP6694,"Rotai Jimny Full Body Massage Chair - 22 Auto Programs, 24 Airbags, Zero Gravity, 4-Zone Foot Massager, Heat Therapy, Bluetooth, Blue - A36 Blue","3,799.00",,,,,,,,
Health & Beauty,PO4813,"RENPHO Massage Gun Deep Tissue Percussion Massager, Professional Handheld Muscle Gun for Athletes with 20 Speeds and 6 Heads, Portable Electric Body Massager for Pain Relief - RF-GM168-BK",329.00,,,,,,,,
Health & Beauty,PO4834,"RENPHO Eye Massager with Heat Compression and Bluetooth Music Remote Control, Rechargeable Heated Eye Mask for Migraine Relief Dry Eyes Relaxation, 5 Modes - RF-EM001R-WH",199.00,,,,,,,,
Health & Beauty,PG1495,Vicks Personal Steam Inhaler with Two Scent Pads VH 200E1,179.00,,,,,,,,
Health & Beauty,PK3060,Geepas Mechanical Personal Scale Metal Body 136kg Capacity - GBS46528UK,128.00,,,,,,,,
Health & Beauty,OW2008,Braun IRT6520 Thermoscan 7 Thermometer White | Thermometer with Age Precision - Edition plus,296.00,,,,,,,,
Health & Beauty,OZ7011,Braun EUV1 Upper Arm Blood Pressure Monitor | Accurate Fit An Automatic Overarm Blood Pressure Monitor BUA 5000,137.00,,,,,,,,
Health & Beauty,PO4845,"RENPHO Smart Jump Rope with Counter App Data Analysis, Bluetooth Skipping Rope for Fitness Workout Cardio Training, Adjustable Cordless Jump Rope for Men Women Kids - R-Q001-BK",99.00,,,,,,,,
Health & Beauty,PO4842,"RENPHO Migraine Headache Relief Hat with Hot Cold Therapy, FSA HSA Eligible Ice Head Wrap for Tension Sinus Pain Relief, Reusable Gel Compress Cap for Stress Relaxation - R-GC001-BK",79.00,,,,,,,,
Health & Beauty,PO4613,Javaudan Premium 7-Color LED Face and Neck Massager - Double Chin Therapy and Facial Lifting Device - Anti-Aging and Skin Tightening Machine,71.00,,,,,,,,
Health & Beauty,PM8011,"Digital Wrist Blood Pressure Monitor with Adjustable Cuff, Voice Function, Large Display, 2×99 Memory - Model CK‑W355",49.00,,,,,,,,
Perfumes,PN4458,"Afnan Supremacy Silver Eau de Parfum (EDP) - 100ml, for Men - AFNA00023, Woody Spicy Scent, Long-Lasting Luxury Fragrance",119.00,,,,,,,,
Perfumes,PN4453,"Afnan 9PM Rebel Eau de Parfum (EDP) 100ml, Unisex - AFNA00076, Bold & Spicy Scent, Long-Lasting Luxury Fragrance for Evening Wear",125.00,,,,,,,,
Perfumes,PM9278,"Armaf Club de Nuit Intense Eau de Toilette (EDT) 105ml for Men – Intense Woody, Citrus & Smoky Fragrance",109.00,,,,,,,,
Perfumes,PM9282,"Armaf Club de Nuit Precieux Extrait de Parfum 55ml for Men – Luxurious, Floral & Woody Fragrance",159.00,,,,,,,,
Perfumes,OA770,Davidoff Cool Water Eau de Toilette (EDT) 75ml – For Mens Fragrance,80.00,,,,,,,,
Perfumes,PE4147,Lattafa Ameer Al Oud Intense Oud Perfume EDP 100ml For Unisex Oriental,67.00,,,,,,,,
Perfumes,PE3519,Lattafa Ameer Al Oudh Intense Oud For Unisex By Lattafa EDP 100ml for Unisex Arabian - 6291107458571,69.00,,,,,,,,
Perfumes,PL1500,"Spectra 057 Souvenir Eau de Parfum (EDP) 100 ml for Men - Aromatic, Sophisticated Fragrance",64.00,,,,,,,,
Perfumes,PM9282,"Armaf Club de Nuit Precieux Extrait de Parfum 55ml for Men – Luxurious, Floral & Woody Fragrance",159.00,,,,,,,,
Perfumes,PM9277,"Armaf Club de Nuit Iconic Eau de Parfum (EDP) 105ml for Men – Warm, Spicy & Woody Fragrance with Leather and Amber Accents",125.00,,,,,,,,
Perfumes,PM8002,Armaf Club De Nuit Lionheart Refreshing Vanilla Spicy Fougere Eau De Parfume EDP  for Men 3.6M Eau De Parfum,120.00,,,,,,,,
Perfumes,PM9278,"Armaf Club de Nuit Intense Eau de Toilette (EDT) 105ml for Men – Intense Woody, Citrus & Smoky Fragrance",109.00,,,,,,,,
Perfumes,PE7947,Armaf Club De Nuit Intense Man Eau de Toilette (EDT) 150 ml for Men - Woody Spicy Fragrance,179.00,,,,,,,,
Perfumes,PM9281,"Armaf Club de Nuit Milestone Eau de Parfum (EDP) 105ml – Invigorating, Citrusy & Woody Fragrance for Unisex",117.00,,,,,,,,
Perfumes,PE8901,"Armaf Club de Nuit Intense Eau de Parfum (EDP) 105 ml for Women, Chypre Floral Fragrance",95.00,,,,,,,,
Perfumes,PP7272,Afnan 9PM Elixir Eau de Parfum (EDP) 100 ml for Women & Men - Oriental Spicy Fragrance,128.00,,,,,,,,
Perfumes,PN4452,"Afnan 9AM Dive Eau de Parfum (EDP) 100ml, Unisex - AFNA00001, Fresh Aquatic Scent, Crisp Daytime Fragrance, Long-Lasting Luxury",93.00,,,,,,,,
Perfumes,PM9078,"Afnan 9PM Eau de Parfum (EDP) 100ml, Men - 6290171002338, Woody Aromatic Scent, Ambrette & Vetiver Signature, Long-Lasting Luxury Fragrance",109.00,,,,,,,,
Perfumes,PN4453,"Afnan 9PM Rebel Eau de Parfum (EDP) 100ml, Unisex - AFNA00076, Bold & Spicy Scent, Long-Lasting Luxury Fragrance for Evening Wear",125.00,,,,,,,,
Perfumes,PN4458,"Afnan Supremacy Silver Eau de Parfum (EDP) - 100ml, for Men - AFNA00023, Woody Spicy Scent, Long-Lasting Luxury Fragrance",119.00,,,,,,,,
Perfumes,PP7275,Afnan 9 PM Pour Femme Eau de Parfum (EDP) 100 ml for Women - Floral Woody Amber Fragrance,90.00,,,,,,,,
Perfumes,PN4460,"Afnan Tribute Pink Eau de Parfum - 100ml, Unisex -AFNA00028, Floral Fruity Gourmand Scent, Long-Lasting Luxury Fragrance",139.00,,,,,,,,
Perfumes,PM9077,"Afnan Supremacy in Heaven Eau de Parfum (EDP) 100ml, Unisex - 6290171002345, Fresh Aromatic Scent, Airy Citrus & Woody Fragrance, Long-Lasting Luxury",90.00,,,,,,,,
Perfumes,PE3519,Lattafa Ameer Al Oudh Intense Oud For Unisex By Lattafa EDP 100ml for Unisex Arabian - 6291107458571,69.00,,,,,,,,
Perfumes,PE2754,Lattafa Pure Musk EDP Perfume 100ml,44.00,,,,,,,,
Perfumes,PE3282,Lattafa Asad EDP 100ml for Men Oud and Musk,74.00,,,,,,,,
Perfumes,PE4234,Lattafa Pure Oudi EDP 100ml for Unisex Ouplent Musk,60.00,,,,,,,,
Perfumes,PE3905,Lattafa Ser Al Malika Attar Alghalia Perfume 100ml,61.00,,,,,,,,
Perfumes,PE3381,Lattafa Pure Musk Spray 100 Ml Deodorant Inside,60.00,,,,,,,,
Perfumes,PE2960,Lattafa Opulent Musk EDP 100ml for Men  Oriental Vanilla,65.00,,,,,,,,
Perfumes,PE4271,"Lattafa Yara Eau de Parfum (EDP) 100ml for Women - Oriental Vanilla, Feminine Fragrance",71.00,,,,,,,,
Perfumes,PL1497,"Spectra 029 Avenger Eau de Parfum (EDP) 95 ml for Men - Fruity, Sophisticated Fragrance",69.00,,,,,,,,
Perfumes,PL1500,"Spectra 057 Souvenir Eau de Parfum (EDP) 100 ml for Men - Aromatic, Sophisticated Fragrance",64.00,,,,,,,,
Perfumes,PL1457,"Spectra Mini 011 Eau de Parfum (EDP) 25 ml for Men - Spicy, Woody, Masculine Fragrance",30.00,,,,,,,,
Perfumes,PL1518,"Spectra Topaz Eau de Parfum (EDP) 95 ml for Men - Spicy, Woody, Aromatic Fragrance - 311",64.00,,,,,,,,
Perfumes,PL1519,"Spectra Roma Eau de Parfum (EDP) 95 ml for Men - Oriental, Floral, Elegant Fragrance - 313",64.00,,,,,,,,
Perfumes,PL1522,"Spectra Hunted Eau de Parfum (EDP) 100 ml for Men - Aromatic, Fougere, Masculine Fragrance - 355",69.00,,,,,,,,
Perfumes,PL1506,"Spectra 135 The Boss Oud Eau de Parfum (EDP) 100 ml for Men - Spicy, Warm, Oud Fragrance",69.00,,,,,,,,
Perfumes,PL1505,"Spectra 115 Royal Night Eau de Parfum (EDP) 100 ml for Men - Amber, Woody, Sophisticated Fragrance",64.00,,,,,,,,
Baby & Mothercare,OZ7311,"Teknum TK_CS01_NVBL Nova Car Seat, Black",269.00,,,,,,,,
Baby & Mothercare,PQ2667,Neobreez Nestii 2-in-1 Convertible Baby Infant Car Seat Black Grey - LB777-NBR034BDG,449.00,,,,,,,,
Baby & Mothercare,PM9850,"BABYDOES ESTEEM - Kids Travel Car Seat With Rearward And Forward Facing, 4x Reclining, Padded Seat, 0- 7 Years Upto 25 kg - Grey - CH-5928B SN",324.00,,,,,,,,
Baby & Mothercare,PN1544,Bright Starts The Little Mermaid Twinkle Trove Lights And Music Activity Gym - Purple 0-36 Months - 12534,449.00,,,,,,,,
Baby & Mothercare,PO1096,Ingenuity - Sun Valley Compact Highchair - Teal 6 Months - 16872,299.00,,,,,,,,
Baby & Mothercare,PN6282,"Ingenuity, 3Dmini Convenience Stroller, Lightweight Travel Stroller with Compact Fold, Ages 6 to 60 Months, Dusty Blue, 32643A",259.00,,,,,,,,
Baby & Mothercare,PN1695,Bright Starts SuperSeat Playful Paradise 3-in-1 Activity And Booster Seat with Jungle Toys - 6-36 Months - 16979,249.00,,,,,,,,
Baby & Mothercare,PQ2519,Neobreez Theta Auto Fold Compact Lightweight Travel Stroller Grey - Q8-NBR197DG,529.00,,,,,,,,
Baby & Mothercare,PM9841,"Gokke - Compact and Light Weight, 5 Point Safety Harness, Forward And Rear Facing, 0-36 Months, Black - B09BL",524.00,,,,,,,,
Baby & Mothercare,PM9830,"Doopser - Egg Style Electric Breast Pump, Double Wearable Cups With Nightlight Function, Low Noise, USB Rechargeable, Memory Function, 240 ml each - DPS-8001",194.00,,,,,,,,
Baby & Mothercare,PM9834,"Doopser - Intelligent Electric Breast Pump, Hands-Free, Memory Function, 9 Adjustable Levels, BPA-Free, 240ml Each - DPS-8002",194.00,,,,,,,,
Baby & Mothercare,PM9831,"Doopser - Electric Wearable Breast Pump, Mini Pump Machine, Double Milk Collection, Low Noise, USB Rechargeable, Memory Function, 240 ml each - DPS-8009",194.00,,,,,,,,
Baby & Mothercare,PN6456,"ChillaxBaby DM568 Smart Candle 5-inch Baby Monitor with Dual Mode 2K QHD Camera, 355 Pan 90 Tilt Zoom, Multi-Color Nightlights, Wi-Fi & App Control, Long Range, Temperature Sensor & Two-Way Talk",696.00,,,,,,,,
Baby & Mothercare,PN6455,"ChillaxBaby CB360 Advanced Digital Audio Baby Monitor with LCD Display, Temperature Sensor, Nightlight, Charging Pod, Smart ECO Mode, VOX, 5 Lullabies, Long Range & Two-Way Talk",255.00,,,,,,,,
Baby & Mothercare,PN6294,"Summer by Ingenuity, 2 in 1 Safety Gate for Stairs and Hallways, Fits 28 to 42 Inch, with Locking Indicator, Ages 6 to 24 Months, 27054",299.00,,,,,,,,
Baby & Mothercare,PQ2516,Neobreez Fermii Autoclose Safety Gate W 10 And 20cm Ext Black - XY783-NBR238BK,259.00,,,,,,,,
Baby & Mothercare,PN1591,"Bright Starts Playful Paradise Portable Swing, Tropical Theme, 6 Speeds, 10 Melodies - 0 to 9 Months - 13069",339.00,,,,,,,,
Baby & Mothercare,PN6327,"Ingenuity Dream Retreat 3-in-1 Portable Sleep Solution Playard, Bassinet & Shade, Ages 0–36 Months, 25134",844.00,,,,,,,,
Baby & Mothercare,PN1550,Bright Starts Stitch Little Ohana Activity Jumper - Tropical Blue 6-12 Months - 17513,599.00,,,,,,,,
Baby & Mothercare,PN6452,"ChillaxBaby DM600 Smart 1080p HD Baby Camera with Mood Light Sleep Trainer & Sound Soother, 360 Flexible View, Wi-Fi App Control & Two-Way Talk",823.00,,,,,,,,